log-ib_write_bw-test-cpu_0.txt,16,0.33,2.542347
log-ib_write_bw-test-cpu_10.txt,16,0.38,2.948998
log-ib_write_bw-test-cpu_12.txt,16,0.44,3.436736
log-ib_write_bw-test-cpu_14.txt,16,0.39,3.052350
log-ib_write_bw-test-cpu_16.txt,16,0.36,2.810353
log-ib_write_bw-test-cpu_18.txt,16,0.41,3.165532
log-ib_write_bw-test-cpu_20.txt,16,0.39,3.041545
log-ib_write_bw-test-cpu_22.txt,16,0.37,2.904422
log-ib_write_bw-test-cpu_24.txt,16,0.34,2.619249
log-ib_write_bw-test-cpu_26.txt,16,0.38,2.940929
log-ib_write_bw-test-cpu_28.txt,16,0.39,3.022879
log-ib_write_bw-test-cpu_2.txt,16,0.40,3.138331
log-ib_write_bw-test-cpu_30.txt,16,0.42,3.272023
log-ib_write_bw-test-cpu_32.txt,16,0.38,2.996654
log-ib_write_bw-test-cpu_34.txt,16,0.39,3.057841
log-ib_write_bw-test-cpu_36.txt,16,0.28,2.165287
log-ib_write_bw-test-cpu_38.txt,16,0.29,2.247364
log-ib_write_bw-test-cpu_4.txt,16,0.30,2.329576
log-ib_write_bw-test-cpu_6.txt,16,0.31,2.446856
log-ib_write_bw-test-cpu_8.txt,16,0.33,2.583988
-----------------------------
log-ib_write_bw-test-cpu_0.txt,16,0.89,6.992159
-----------------------------
log-ib_write_bw-test-cpu_0.txt,16,0.83,6.515874
log-ib_write_bw-test-cpu_2.txt,16,0.78,6.110436
-----------------------------
log-ib_write_bw-test-cpu_0.txt,16,0.90,7.010470
log-ib_write_bw-test-cpu_2.txt,16,0.78,6.092789
log-ib_write_bw-test-cpu_4.txt,16,0.80,6.234601
-----------------------------
log-ib_write_bw-test-cpu_0.txt,16,0.76,5.974883
log-ib_write_bw-test-cpu_2.txt,16,0.73,5.671737
log-ib_write_bw-test-cpu_4.txt,16,0.73,5.726650
log-ib_write_bw-test-cpu_6.txt,16,0.77,6.001491
log-ib_write_bw-test-cpu_8.txt,16,0.77,5.998111
-----------------------------
log-ib_write_bw-test-cpu_0.txt,16,0.62,4.812858
log-ib_write_bw-test-cpu_10.txt,16,0.67,5.228147
log-ib_write_bw-test-cpu_12.txt,16,0.74,5.755894
log-ib_write_bw-test-cpu_14.txt,16,0.71,5.549019
log-ib_write_bw-test-cpu_16.txt,16,0.68,5.316709
log-ib_write_bw-test-cpu_2.txt,16,0.73,5.734031
log-ib_write_bw-test-cpu_4.txt,16,0.73,5.740625
log-ib_write_bw-test-cpu_6.txt,16,0.70,5.464677
log-ib_write_bw-test-cpu_8.txt,16,0.73,5.725433
-----------------------------
log-ib_write_bw-test-cpu_0.txt,16,0.46,3.557607
log-ib_write_bw-test-cpu_10.txt,16,0.51,3.983457
log-ib_write_bw-test-cpu_12.txt,16,0.50,3.943538
log-ib_write_bw-test-cpu_14.txt,16,0.15,1.205280
log-ib_write_bw-test-cpu_16.txt,16,0.12,0.955184
log-ib_write_bw-test-cpu_18.txt,16,0.17,1.322976
log-ib_write_bw-test-cpu_20.txt,16,0.47,3.658966
log-ib_write_bw-test-cpu_22.txt,16,0.52,4.088439
log-ib_write_bw-test-cpu_24.txt,16,0.50,3.914517
log-ib_write_bw-test-cpu_26.txt,16,0.48,3.776516
log-ib_write_bw-test-cpu_28.txt,16,0.46,3.625211
log-ib_write_bw-test-cpu_2.txt,16,0.49,3.833895
log-ib_write_bw-test-cpu_30.txt,16,0.50,3.934420
log-ib_write_bw-test-cpu_32.txt,16,0.49,3.820350
log-ib_write_bw-test-cpu_4.txt,16,0.53,4.113513
log-ib_write_bw-test-cpu_6.txt,16,0.51,3.998950
log-ib_write_bw-test-cpu_8.txt,16,0.45,3.554542
-----------------------------
log-ib_write_bw-test-cpu_0.txt,16,0.84,6.564440
log-ib_write_bw-test-cpu_2.txt,16,0.81,6.293211
log-ib_write_bw-test-cpu_4.txt,16,0.83,6.490775
log-ib_write_bw-test-cpu_6.txt,16,0.83,6.504296
-----------------------------
log-ib_write_bw-test-cpu_0.txt,16,0.30,2.319866
log-ib_write_bw-test-cpu_10.txt,16,0.30,2.322887
log-ib_write_bw-test-cpu_11.txt,16,0.011048,0.086310
log-ib_write_bw-test-cpu_12.txt,16,0.29,2.284659
log-ib_write_bw-test-cpu_13.txt,16,0.16,1.245794
log-ib_write_bw-test-cpu_14.txt,16,0.25,1.988567
log-ib_write_bw-test-cpu_15.txt,16,0.16,1.243276
log-ib_write_bw-test-cpu_16.txt,16,0.30,2.325156
log-ib_write_bw-test-cpu_17.txt,16,0.16,1.266598
log-ib_write_bw-test-cpu_18.txt,16,0.27,2.140760
log-ib_write_bw-test-cpu_19.txt,16,0.16,1.218484
log-ib_write_bw-test-cpu_1.txt,16,0.17,1.299372
log-ib_write_bw-test-cpu_20.txt,16,0.26,2.010184
log-ib_write_bw-test-cpu_21.txt,16,0.16,1.284788
log-ib_write_bw-test-cpu_22.txt,16,0.22,1.686473
log-ib_write_bw-test-cpu_23.txt,16,0.17,1.345884
log-ib_write_bw-test-cpu_24.txt,16,0.29,2.257259
log-ib_write_bw-test-cpu_25.txt,16,0.18,1.430781
log-ib_write_bw-test-cpu_26.txt,16,0.24,1.839254
log-ib_write_bw-test-cpu_27.txt,16,0.17,1.305271
log-ib_write_bw-test-cpu_28.txt,16,0.24,1.865672
log-ib_write_bw-test-cpu_29.txt,16,0.17,1.348090
log-ib_write_bw-test-cpu_2.txt,16,0.25,1.971951
log-ib_write_bw-test-cpu_3.txt,16,0.18,1.382867
log-ib_write_bw-test-cpu_4.txt,16,0.30,2.351032
log-ib_write_bw-test-cpu_5.txt,16,0.16,1.278983
log-ib_write_bw-test-cpu_6.txt,16,0.27,2.136169
log-ib_write_bw-test-cpu_7.txt,16,0.17,1.342475
log-ib_write_bw-test-cpu_8.txt,16,0.24,1.904178
log-ib_write_bw-test-cpu_9.txt,16,0.18,1.370777
-----------------------------
log-ib_write_bw-test-cpu_0.txt,16,0.16,1.249779
log-ib_write_bw-test-cpu_10.txt,16,0.16,1.255389
log-ib_write_bw-test-cpu_11.txt,16,0.007804,0.060971
log-ib_write_bw-test-cpu_12.txt,16,0.16,1.284787
log-ib_write_bw-test-cpu_13.txt,16,0.15,1.188687
log-ib_write_bw-test-cpu_14.txt,16,0.16,1.246482
log-ib_write_bw-test-cpu_15.txt,16,0.15,1.195985
log-ib_write_bw-test-cpu_16.txt,16,0.17,1.297399
log-ib_write_bw-test-cpu_17.txt,16,0.15,1.191765
log-ib_write_bw-test-cpu_18.txt,16,0.17,1.306105
log-ib_write_bw-test-cpu_19.txt,16,0.15,1.187496
log-ib_write_bw-test-cpu_1.txt,16,0.17,1.332676
log-ib_write_bw-test-cpu_20.txt,16,0.16,1.236180
log-ib_write_bw-test-cpu_21.txt,16,0.15,1.192699
log-ib_write_bw-test-cpu_22.txt,16,0.16,1.246581
log-ib_write_bw-test-cpu_23.txt,16,0.15,1.201489
log-ib_write_bw-test-cpu_24.txt,16,0.16,1.246687
log-ib_write_bw-test-cpu_25.txt,16,0.15,1.193280
log-ib_write_bw-test-cpu_26.txt,16,0.16,1.235582
log-ib_write_bw-test-cpu_27.txt,16,0.15,1.183000
log-ib_write_bw-test-cpu_28.txt,16,0.16,1.240176
log-ib_write_bw-test-cpu_29.txt,16,0.15,1.177676
log-ib_write_bw-test-cpu_2.txt,16,0.17,1.363166
log-ib_write_bw-test-cpu_30.txt,16,0.16,1.258278
log-ib_write_bw-test-cpu_31.txt,16,0.15,1.207093
log-ib_write_bw-test-cpu_32.txt,16,0.16,1.248691
log-ib_write_bw-test-cpu_33.txt,16,0.15,1.201290
log-ib_write_bw-test-cpu_34.txt,16,0.16,1.235880
log-ib_write_bw-test-cpu_35.txt,16,0.15,1.199088
log-ib_write_bw-test-cpu_36.txt,16,0.16,1.249970
log-ib_write_bw-test-cpu_37.txt,16,0.15,1.197972
log-ib_write_bw-test-cpu_38.txt,16,0.16,1.215878
log-ib_write_bw-test-cpu_39.txt,16,0.15,1.204567
log-ib_write_bw-test-cpu_3.txt,16,0.15,1.174972
log-ib_write_bw-test-cpu_4.txt,16,0.17,1.326968
log-ib_write_bw-test-cpu_5.txt,16,0.15,1.185096
log-ib_write_bw-test-cpu_6.txt,16,0.16,1.250099
log-ib_write_bw-test-cpu_7.txt,16,0.15,1.187886
log-ib_write_bw-test-cpu_8.txt,16,0.16,1.265977
log-ib_write_bw-test-cpu_9.txt,16,0.15,1.182586
-----------------------------
log-ib_write_bw-test-cpu_0.txt,16,0.32,2.499939
log-ib_write_bw-test-cpu_10.txt,16,0.32,2.502230
log-ib_write_bw-test-cpu_12.txt,16,0.32,2.533277
log-ib_write_bw-test-cpu_14.txt,16,0.32,2.516748
log-ib_write_bw-test-cpu_16.txt,16,0.32,2.467064
log-ib_write_bw-test-cpu_18.txt,16,0.32,2.517273
log-ib_write_bw-test-cpu_20.txt,16,0.33,2.543927
log-ib_write_bw-test-cpu_22.txt,16,0.33,2.557579
log-ib_write_bw-test-cpu_24.txt,16,0.32,2.499857
log-ib_write_bw-test-cpu_26.txt,16,0.32,2.499169
log-ib_write_bw-test-cpu_28.txt,16,0.32,2.520655
log-ib_write_bw-test-cpu_2.txt,16,0.33,2.582529
log-ib_write_bw-test-cpu_30.txt,16,0.33,2.543231
log-ib_write_bw-test-cpu_32.txt,16,0.33,2.562226
log-ib_write_bw-test-cpu_34.txt,16,0.33,2.543459
log-ib_write_bw-test-cpu_36.txt,16,0.33,2.551345
log-ib_write_bw-test-cpu_38.txt,4096,22.56,0.688382
log-ib_write_bw-test-cpu_4.txt,16,0.33,2.597160
log-ib_write_bw-test-cpu_6.txt,16,0.32,2.529133
log-ib_write_bw-test-cpu_8.txt,16,0.32,2.513952
-----------------------------
log-ib_write_bw-test-cpu_0.txt,16,0.73,5.667094
log-ib_write_bw-test-cpu_2.txt,16,0.72,5.605344
log-ib_write_bw-test-cpu_38.txt,4096,60.52,1.846976
log-ib_write_bw-test-cpu_4.txt,16,0.71,5.567499
log-ib_write_bw-test-cpu_6.txt,16,0.73,5.698353
log-ib_write_bw-test-cpu_8.txt,16,0.74,5.755702
-----------------------------
log-ib_write_bw-test-cpu_0.txt,16,0.62,4.813483
log-ib_write_bw-test-cpu_10.txt,16,0.61,4.762022
log-ib_write_bw-test-cpu_12.txt,16,0.61,4.795770
log-ib_write_bw-test-cpu_14.txt,16,0.61,4.788344
log-ib_write_bw-test-cpu_16.txt,16,0.61,4.767339
log-ib_write_bw-test-cpu_2.txt,16,0.61,4.728616
log-ib_write_bw-test-cpu_38.txt,4096,43.15,1.316771
log-ib_write_bw-test-cpu_4.txt,16,0.61,4.730978
log-ib_write_bw-test-cpu_6.txt,16,0.61,4.729190
log-ib_write_bw-test-cpu_8.txt,16,0.61,4.746553
-----------------------------
log-ib_write_bw-test-cpu_0.txt,16,0.79,6.152089
log-ib_write_bw-test-cpu_2.txt,16,0.74,5.756353
log-ib_write_bw-test-cpu_38.txt,4096,72.98,2.227162
log-ib_write_bw-test-cpu_4.txt,16,0.75,5.841490
-----------------------------
log-ib_write_bw-test-cpu_0.txt,16,0.79,6.160943
log-ib_write_bw-test-cpu_2.txt,16,0.75,5.868284
log-ib_write_bw-test-cpu_38.txt,4096,78.75,2.403127
-----------------------------
log-ib_write_bw-test-cpu_0.txt,16,0.80,6.217380
log-ib_write_bw-test-cpu_38.txt,4096,85.11,2.597217
-----------------------------
log-ib_write_bw-test-cpu_0.txt,16,0.63,4.905520
log-ib_write_bw-test-cpu_10.txt,16,0.63,4.934966
log-ib_write_bw-test-cpu_12.txt,16,0.62,4.865009
log-ib_write_bw-test-cpu_14.txt,16,0.63,4.890992
log-ib_write_bw-test-cpu_2.txt,16,0.62,4.867356
log-ib_write_bw-test-cpu_38.txt,4096,45.24,1.380673
log-ib_write_bw-test-cpu_4.txt,16,0.62,4.852540
log-ib_write_bw-test-cpu_6.txt,16,0.63,4.923078
log-ib_write_bw-test-cpu_8.txt,16,0.63,4.917801
-----------------------------
log-ib_write_bw-test-cpu_0.txt,16,0.63,4.932403
log-ib_write_bw-test-cpu_10.txt,16,0.64,4.986171
log-ib_write_bw-test-cpu_12.txt,16,0.64,4.998778
log-ib_write_bw-test-cpu_14.txt,16,0.64,5.028111
log-ib_write_bw-test-cpu_2.txt,16,0.63,4.959002
log-ib_write_bw-test-cpu_38.txt,4096,45.98,1.403169
log-ib_write_bw-test-cpu_4.txt,16,0.63,4.930170
log-ib_write_bw-test-cpu_6.txt,16,0.64,4.994423
log-ib_write_bw-test-cpu_8.txt,16,0.64,4.984593
-----------------------------
log-ib_write_bw-test-cpu_0.txt,16,0.67,5.210937
log-ib_write_bw-test-cpu_10.txt,16,0.66,5.132795
log-ib_write_bw-test-cpu_12.txt,16,0.66,5.190486
log-ib_write_bw-test-cpu_14.txt,16,0.66,5.122888
log-ib_write_bw-test-cpu_2.txt,16,0.66,5.126533
log-ib_write_bw-test-cpu_38.txt,4096,48.06,1.466776
log-ib_write_bw-test-cpu_4.txt,16,0.65,5.058084
log-ib_write_bw-test-cpu_6.txt,16,0.66,5.192905
log-ib_write_bw-test-cpu_8.txt,16,0.66,5.125115
-----------------------------
log-ib_write_bw-test-cpu_0.txt,16,0.65,5.065503
log-ib_write_bw-test-cpu_10.txt,16,0.65,5.062289
log-ib_write_bw-test-cpu_12.txt,16,0.64,5.006106
log-ib_write_bw-test-cpu_14.txt,16,0.65,5.048224
log-ib_write_bw-test-cpu_2.txt,16,0.64,5.004319
log-ib_write_bw-test-cpu_38.txt,4096,47.03,1.435380
log-ib_write_bw-test-cpu_4.txt,16,0.65,5.047180
log-ib_write_bw-test-cpu_6.txt,16,0.65,5.115771
log-ib_write_bw-test-cpu_8.txt,16,0.64,5.011747
-----------------------------
log-ib_write_bw-test-cpu_0.txt,8192,11.59,0.176895
log-ib_write_bw-test-cpu_10.txt,204800,11.60,0.007078
log-ib_write_bw-test-cpu_12.txt,245760,11.71,0.005957
log-ib_write_bw-test-cpu_14.txt,286720,11.88,0.005179
log-ib_write_bw-test-cpu_2.txt,40960,11.62,0.035466
log-ib_write_bw-test-cpu_4.txt,81920,11.70,0.017855
log-ib_write_bw-test-cpu_6.txt,122880,11.66,0.011857
log-ib_write_bw-test-cpu_8.txt,163840,11.68,0.008915
-----------------------------
log-ib_write_bw-test-cpu_0.txt,8192,4.63,0.070698
log-ib_write_bw-test-cpu_10.txt,204800,4.67,0.002849
log-ib_write_bw-test-cpu_12.txt,245760,4.67,0.002377
log-ib_write_bw-test-cpu_14.txt,286720,4.67,0.002035
log-ib_write_bw-test-cpu_16.txt,327680,4.64,0.001769
log-ib_write_bw-test-cpu_18.txt,368640,4.66,0.001580
log-ib_write_bw-test-cpu_20.txt,409600,4.68,0.001427
log-ib_write_bw-test-cpu_22.txt,450560,4.64,0.001288
log-ib_write_bw-test-cpu_24.txt,491520,4.64,0.001179
log-ib_write_bw-test-cpu_26.txt,532480,4.66,0.001093
log-ib_write_bw-test-cpu_28.txt,573440,4.64,0.001011
log-ib_write_bw-test-cpu_2.txt,40960,4.66,0.014218
log-ib_write_bw-test-cpu_30.txt,614400,4.64,0.000944
log-ib_write_bw-test-cpu_32.txt,655360,4.68,0.000892
log-ib_write_bw-test-cpu_34.txt,696320,4.67,0.000838
log-ib_write_bw-test-cpu_36.txt,737280,4.68,0.000794
log-ib_write_bw-test-cpu_38.txt,778240,4.64,0.000746
log-ib_write_bw-test-cpu_4.txt,81920,4.69,0.007152
log-ib_write_bw-test-cpu_6.txt,122880,4.65,0.004729
log-ib_write_bw-test-cpu_8.txt,163840,4.65,0.003547
-----------------------------
log-ib_write_bw-test-cpu_0.txt,256,7.31,3.567362
log-ib_write_bw-test-cpu_10.txt,256,7.32,3.573621
log-ib_write_bw-test-cpu_12.txt,256,7.28,3.555450
log-ib_write_bw-test-cpu_14.txt,256,7.31,3.566967
log-ib_write_bw-test-cpu_16.txt,256,7.33,3.580671
log-ib_write_bw-test-cpu_18.txt,256,7.35,3.590385
log-ib_write_bw-test-cpu_2.txt,256,7.30,3.563910
log-ib_write_bw-test-cpu_4.txt,256,7.29,3.557777
log-ib_write_bw-test-cpu_6.txt,256,7.34,3.582856
log-ib_write_bw-test-cpu_8.txt,256,7.31,3.569094
-----------------------------
log-ib_write_bw-test-cpu_0.txt,512,8.47,2.068066
log-ib_write_bw-test-cpu_10.txt,512,8.47,2.068077
log-ib_write_bw-test-cpu_12.txt,512,8.50,2.075654
log-ib_write_bw-test-cpu_14.txt,512,8.89,2.169994
log-ib_write_bw-test-cpu_16.txt,512,8.49,2.072457
log-ib_write_bw-test-cpu_18.txt,512,8.47,2.068762
log-ib_write_bw-test-cpu_2.txt,512,8.52,2.080546
log-ib_write_bw-test-cpu_4.txt,512,8.67,2.117448
log-ib_write_bw-test-cpu_6.txt,512,8.50,2.074494
log-ib_write_bw-test-cpu_8.txt,512,8.54,2.084868
-----------------------------
log-ib_write_bw-test-cpu_0.txt,1024,9.23,1.126190
log-ib_write_bw-test-cpu_10.txt,1024,9.21,1.124678
log-ib_write_bw-test-cpu_12.txt,1024,9.24,1.127978
log-ib_write_bw-test-cpu_14.txt,1024,9.22,1.125274
log-ib_write_bw-test-cpu_16.txt,1024,9.24,1.127788
log-ib_write_bw-test-cpu_18.txt,1024,9.24,1.127590
log-ib_write_bw-test-cpu_2.txt,1024,9.44,1.151863
log-ib_write_bw-test-cpu_4.txt,1024,9.23,1.126178
log-ib_write_bw-test-cpu_6.txt,1024,9.23,1.126776
log-ib_write_bw-test-cpu_8.txt,1024,9.39,1.146584
-----------------------------
log-ib_write_bw-test-cpu_0.txt,1024,8.91,1.087093
log-ib_write_bw-test-cpu_10.txt,1024,8.92,1.088477
log-ib_write_bw-test-cpu_12.txt,1024,8.84,1.078678
log-ib_write_bw-test-cpu_14.txt,1024,9.01,1.099985
log-ib_write_bw-test-cpu_16.txt,1024,9.01,1.099986
log-ib_write_bw-test-cpu_18.txt,1024,9.01,1.099789
log-ib_write_bw-test-cpu_2.txt,1024,9.01,1.099887
log-ib_write_bw-test-cpu_4.txt,1024,8.96,1.093372
log-ib_write_bw-test-cpu_6.txt,1024,8.80,1.074475
log-ib_write_bw-test-cpu_8.txt,1024,8.88,1.083484
-----------------------------
log-ib_write_bw-test-cpu_0.txt,1024,8.92,1.088286
log-ib_write_bw-test-cpu_10.txt,1024,9.01,1.099993
log-ib_write_bw-test-cpu_12.txt,1024,8.91,1.088083
log-ib_write_bw-test-cpu_14.txt,1024,9.01,1.099991
log-ib_write_bw-test-cpu_16.txt,1024,9.02,1.100882
log-ib_write_bw-test-cpu_18.txt,1024,9.01,1.099883
log-ib_write_bw-test-cpu_2.txt,1024,8.93,1.090470
log-ib_write_bw-test-cpu_4.txt,1024,9.01,1.099980
log-ib_write_bw-test-cpu_6.txt,1024,8.95,1.092481
log-ib_write_bw-test-cpu_8.txt,1024,9.01,1.099988
-----------------------------
log-ib_write_bw-test-cpu_0.txt,32,1.27,4.946487
log-ib_write_bw-test-cpu_10.txt,32,1.26,4.933269
log-ib_write_bw-test-cpu_12.txt,32,1.27,4.941982
log-ib_write_bw-test-cpu_14.txt,32,1.27,4.945064
log-ib_write_bw-test-cpu_16.txt,32,1.27,4.961125
log-ib_write_bw-test-cpu_18.txt,32,1.27,4.947350
log-ib_write_bw-test-cpu_2.txt,32,1.25,4.886524
log-ib_write_bw-test-cpu_4.txt,32,1.25,4.893263
log-ib_write_bw-test-cpu_6.txt,32,1.27,4.946531
log-ib_write_bw-test-cpu_8.txt,32,1.27,4.941616
-----------------------------
log-ib_write_bw-test-cpu_0.txt,32,1.37,5.336545
log-ib_write_bw-test-cpu_10.txt,32,1.37,5.340013
log-ib_write_bw-test-cpu_12.txt,32,1.37,5.336366
log-ib_write_bw-test-cpu_14.txt,32,1.37,5.343028
log-ib_write_bw-test-cpu_16.txt,32,1.37,5.337093
log-ib_write_bw-test-cpu_18.txt,32,1.38,5.372296
log-ib_write_bw-test-cpu_2.txt,32,1.10,4.295988
log-ib_write_bw-test-cpu_4.txt,32,1.11,4.340239
log-ib_write_bw-test-cpu_6.txt,32,1.37,5.335810
log-ib_write_bw-test-cpu_8.txt,32,1.37,5.333374
-----------------------------
log-ib_write_bw-test-cpu_0.txt,32,1.36,5.303796
log-ib_write_bw-test-cpu_10.txt,32,1.36,5.303263
log-ib_write_bw-test-cpu_12.txt,32,1.36,5.307315
log-ib_write_bw-test-cpu_14.txt,32,1.36,5.304354
log-ib_write_bw-test-cpu_16.txt,32,1.36,5.306735
log-ib_write_bw-test-cpu_18.txt,32,1.36,5.314859
log-ib_write_bw-test-cpu_2.txt,32,1.22,4.784256
log-ib_write_bw-test-cpu_4.txt,32,1.07,4.172700
log-ib_write_bw-test-cpu_6.txt,32,1.36,5.304121
log-ib_write_bw-test-cpu_8.txt,32,1.36,5.307669
-----------------------------
log-ib_write_bw-test-cpu_0.txt,32,0.32,1.256887
log-ib_write_bw-test-cpu_10.txt,32,0.32,1.235885
log-ib_write_bw-test-cpu_11.txt,32,0.32,1.243986
log-ib_write_bw-test-cpu_12.txt,32,0.31,1.222789
log-ib_write_bw-test-cpu_13.txt,32,0.33,1.270984
log-ib_write_bw-test-cpu_14.txt,32,0.33,1.290986
log-ib_write_bw-test-cpu_15.txt,32,0.33,1.272175
log-ib_write_bw-test-cpu_16.txt,32,0.32,1.240772
log-ib_write_bw-test-cpu_17.txt,32,0.32,1.240302
log-ib_write_bw-test-cpu_18.txt,32,0.32,1.235072
log-ib_write_bw-test-cpu_19.txt,32,0.32,1.235285
log-ib_write_bw-test-cpu_1.txt,32,0.33,1.300666
log-ib_write_bw-test-cpu_20.txt,32,0.32,1.234287
log-ib_write_bw-test-cpu_21.txt,32,0.32,1.235904
log-ib_write_bw-test-cpu_22.txt,32,0.33,1.292707
log-ib_write_bw-test-cpu_23.txt,32,0.32,1.234271
log-ib_write_bw-test-cpu_24.txt,32,0.32,1.243471
log-ib_write_bw-test-cpu_25.txt,32,0.32,1.235193
log-ib_write_bw-test-cpu_26.txt,32,0.32,1.233166
log-ib_write_bw-test-cpu_27.txt,32,0.32,1.239372
log-ib_write_bw-test-cpu_28.txt,32,0.32,1.253593
log-ib_write_bw-test-cpu_29.txt,32,0.32,1.234388
log-ib_write_bw-test-cpu_2.txt,32,0.32,1.261962
log-ib_write_bw-test-cpu_30.txt,32,0.32,1.266488
log-ib_write_bw-test-cpu_31.txt,32,0.32,1.235890
log-ib_write_bw-test-cpu_32.txt,32,0.32,1.237174
log-ib_write_bw-test-cpu_33.txt,32,0.32,1.233387
log-ib_write_bw-test-cpu_34.txt,32,0.32,1.239871
log-ib_write_bw-test-cpu_35.txt,32,0.32,1.242173
log-ib_write_bw-test-cpu_36.txt,32,0.32,1.232671
log-ib_write_bw-test-cpu_37.txt,32,0.32,1.251982
log-ib_write_bw-test-cpu_38.txt,32,0.32,1.237889
log-ib_write_bw-test-cpu_39.txt,32,0.32,1.248491
log-ib_write_bw-test-cpu_3.txt,32,0.32,1.252971
log-ib_write_bw-test-cpu_4.txt,32,0.32,1.244691
log-ib_write_bw-test-cpu_5.txt,32,0.32,1.258976
log-ib_write_bw-test-cpu_6.txt,32,0.32,1.231370
log-ib_write_bw-test-cpu_7.txt,32,0.32,1.236968
log-ib_write_bw-test-cpu_8.txt,32,0.32,1.248279
log-ib_write_bw-test-cpu_9.txt,32,0.32,1.238186
-----------------------------
log-ib_write_bw-test-cpu_0.txt,256,1.67,0.817287
log-ib_write_bw-test-cpu_10.txt,256,1.71,0.835205
log-ib_write_bw-test-cpu_11.txt,256,1.67,0.813696
log-ib_write_bw-test-cpu_12.txt,256,1.67,0.817383
log-ib_write_bw-test-cpu_13.txt,256,1.67,0.814692
log-ib_write_bw-test-cpu_14.txt,256,1.69,0.823678
log-ib_write_bw-test-cpu_15.txt,256,1.68,0.821397
log-ib_write_bw-test-cpu_16.txt,256,1.67,0.814978
log-ib_write_bw-test-cpu_17.txt,256,1.69,0.824793
log-ib_write_bw-test-cpu_18.txt,256,1.67,0.815289
log-ib_write_bw-test-cpu_19.txt,256,1.68,0.819087
log-ib_write_bw-test-cpu_1.txt,256,1.75,0.852283
log-ib_write_bw-test-cpu_20.txt,256,1.68,0.821287
log-ib_write_bw-test-cpu_21.txt,256,1.68,0.819492
log-ib_write_bw-test-cpu_22.txt,256,1.67,0.815382
log-ib_write_bw-test-cpu_23.txt,256,1.72,0.838486
log-ib_write_bw-test-cpu_24.txt,256,1.68,0.821989
log-ib_write_bw-test-cpu_25.txt,256,1.69,0.825188
log-ib_write_bw-test-cpu_26.txt,256,1.69,0.825989
log-ib_write_bw-test-cpu_27.txt,256,1.67,0.817389
log-ib_write_bw-test-cpu_28.txt,256,1.67,0.815188
log-ib_write_bw-test-cpu_29.txt,256,1.68,0.818201
log-ib_write_bw-test-cpu_2.txt,256,1.72,0.839480
log-ib_write_bw-test-cpu_30.txt,256,1.69,0.823181
log-ib_write_bw-test-cpu_31.txt,256,1.67,0.815089
log-ib_write_bw-test-cpu_32.txt,256,1.73,0.844900
log-ib_write_bw-test-cpu_33.txt,256,1.71,0.834382
log-ib_write_bw-test-cpu_34.txt,256,1.70,0.829879
log-ib_write_bw-test-cpu_35.txt,256,1.68,0.820895
log-ib_write_bw-test-cpu_36.txt,256,1.71,0.835787
log-ib_write_bw-test-cpu_37.txt,256,1.67,0.817383
log-ib_write_bw-test-cpu_38.txt,256,1.69,0.823880
log-ib_write_bw-test-cpu_39.txt,256,1.69,0.825989
log-ib_write_bw-test-cpu_3.txt,256,1.75,0.852081
log-ib_write_bw-test-cpu_4.txt,256,1.72,0.840189
log-ib_write_bw-test-cpu_5.txt,256,1.67,0.815792
log-ib_write_bw-test-cpu_6.txt,256,1.70,0.828687
log-ib_write_bw-test-cpu_7.txt,256,1.68,0.819796
log-ib_write_bw-test-cpu_8.txt,256,1.71,0.837080
log-ib_write_bw-test-cpu_9.txt,256,1.69,0.824179
-----------------------------
log-ib_write_bw-test-cpu_0.txt,1024,2.30,0.281195
log-ib_write_bw-test-cpu_10.txt,1024,2.32,0.282594
log-ib_write_bw-test-cpu_11.txt,1024,2.33,0.284996
log-ib_write_bw-test-cpu_12.txt,1024,2.29,0.279795
log-ib_write_bw-test-cpu_13.txt,1024,2.31,0.282095
log-ib_write_bw-test-cpu_14.txt,1024,2.26,0.275492
log-ib_write_bw-test-cpu_15.txt,1024,2.26,0.275895
log-ib_write_bw-test-cpu_16.txt,1024,2.28,0.278396
log-ib_write_bw-test-cpu_17.txt,1024,2.28,0.278594
log-ib_write_bw-test-cpu_18.txt,1024,2.34,0.285807
log-ib_write_bw-test-cpu_19.txt,1024,2.27,0.277299
log-ib_write_bw-test-cpu_1.txt,1024,2.33,0.284791
log-ib_write_bw-test-cpu_20.txt,1024,2.30,0.281197
log-ib_write_bw-test-cpu_21.txt,1024,2.27,0.277394
log-ib_write_bw-test-cpu_22.txt,1024,2.25,0.274595
log-ib_write_bw-test-cpu_23.txt,1024,2.30,0.280195
log-ib_write_bw-test-cpu_24.txt,1024,2.36,0.287991
log-ib_write_bw-test-cpu_25.txt,1024,2.28,0.277894
log-ib_write_bw-test-cpu_26.txt,1024,2.30,0.280293
log-ib_write_bw-test-cpu_27.txt,1024,2.29,0.279295
log-ib_write_bw-test-cpu_28.txt,1024,2.26,0.276292
log-ib_write_bw-test-cpu_29.txt,1024,2.33,0.283897
log-ib_write_bw-test-cpu_2.txt,1024,2.34,0.285302
log-ib_write_bw-test-cpu_30.txt,1024,2.36,0.287703
log-ib_write_bw-test-cpu_31.txt,1024,2.26,0.276095
log-ib_write_bw-test-cpu_32.txt,1024,2.27,0.276597
log-ib_write_bw-test-cpu_33.txt,1024,2.31,0.281496
log-ib_write_bw-test-cpu_34.txt,1024,2.31,0.282200
log-ib_write_bw-test-cpu_35.txt,1024,2.32,0.283795
log-ib_write_bw-test-cpu_36.txt,1024,2.27,0.277597
log-ib_write_bw-test-cpu_37.txt,1024,2.27,0.277497
log-ib_write_bw-test-cpu_38.txt,1024,2.31,0.281598
log-ib_write_bw-test-cpu_39.txt,1024,2.33,0.284495
log-ib_write_bw-test-cpu_3.txt,1024,2.34,0.285893
log-ib_write_bw-test-cpu_4.txt,1024,2.30,0.280193
log-ib_write_bw-test-cpu_5.txt,1024,2.32,0.283497
log-ib_write_bw-test-cpu_6.txt,1024,2.29,0.279997
log-ib_write_bw-test-cpu_7.txt,1024,2.27,0.276495
log-ib_write_bw-test-cpu_8.txt,1024,2.30,0.281299
log-ib_write_bw-test-cpu_9.txt,1024,2.29,0.278993
-----------------------------
log-ib_write_bw-test-cpu_0.txt,2048,2.45,0.149701
log-ib_write_bw-test-cpu_10.txt,2048,2.40,0.146398
log-ib_write_bw-test-cpu_11.txt,2048,0.28,0.016916
log-ib_write_bw-test-cpu_12.txt,2048,2.38,0.145097
log-ib_write_bw-test-cpu_13.txt,2048,2.42,0.147498
log-ib_write_bw-test-cpu_14.txt,2048,2.46,0.150297
log-ib_write_bw-test-cpu_15.txt,2048,2.38,0.145398
log-ib_write_bw-test-cpu_16.txt,2048,2.33,0.142197
log-ib_write_bw-test-cpu_17.txt,2048,2.38,0.145099
log-ib_write_bw-test-cpu_18.txt,2048,2.48,0.151397
log-ib_write_bw-test-cpu_19.txt,2048,2.39,0.145796
log-ib_write_bw-test-cpu_1.txt,2048,2.46,0.150396
log-ib_write_bw-test-cpu_20.txt,2048,2.39,0.146097
log-ib_write_bw-test-cpu_21.txt,2048,2.45,0.149599
log-ib_write_bw-test-cpu_22.txt,2048,2.35,0.143696
log-ib_write_bw-test-cpu_23.txt,2048,2.36,0.144098
log-ib_write_bw-test-cpu_24.txt,2048,2.39,0.145898
log-ib_write_bw-test-cpu_25.txt,2048,2.41,0.147298
log-ib_write_bw-test-cpu_26.txt,2048,2.42,0.147496
log-ib_write_bw-test-cpu_27.txt,2048,2.36,0.144096
log-ib_write_bw-test-cpu_28.txt,2048,2.39,0.146096
log-ib_write_bw-test-cpu_29.txt,2048,2.38,0.144998
log-ib_write_bw-test-cpu_2.txt,2048,2.43,0.148196
log-ib_write_bw-test-cpu_30.txt,2048,2.40,0.146199
log-ib_write_bw-test-cpu_31.txt,2048,2.39,0.146099
log-ib_write_bw-test-cpu_32.txt,2048,2.41,0.147199
log-ib_write_bw-test-cpu_33.txt,2048,2.39,0.145998
log-ib_write_bw-test-cpu_34.txt,2048,2.41,0.146997
log-ib_write_bw-test-cpu_35.txt,2048,2.38,0.145297
log-ib_write_bw-test-cpu_36.txt,2048,2.34,0.143098
log-ib_write_bw-test-cpu_37.txt,2048,2.38,0.145100
log-ib_write_bw-test-cpu_38.txt,2048,2.44,0.148997
log-ib_write_bw-test-cpu_39.txt,2048,2.41,0.147097
log-ib_write_bw-test-cpu_3.txt,2048,2.47,0.150497
log-ib_write_bw-test-cpu_4.txt,2048,2.48,0.151196
log-ib_write_bw-test-cpu_5.txt,2048,2.41,0.147298
log-ib_write_bw-test-cpu_6.txt,2048,2.55,0.155605
log-ib_write_bw-test-cpu_7.txt,2048,2.37,0.144797
log-ib_write_bw-test-cpu_8.txt,2048,2.41,0.147399
log-ib_write_bw-test-cpu_9.txt,2048,2.40,0.146498
-----------------------------
log-ib_write_bw-test-cpu_0.txt,256,1.75,0.853382
log-ib_write_bw-test-cpu_10.txt,256,1.75,0.853094
log-ib_write_bw-test-cpu_11.txt,256,0.13,0.063523
log-ib_write_bw-test-cpu_12.txt,256,1.74,0.851181
log-ib_write_bw-test-cpu_13.txt,256,1.72,0.841188
log-ib_write_bw-test-cpu_14.txt,256,1.72,0.840684
log-ib_write_bw-test-cpu_15.txt,256,1.71,0.834494
log-ib_write_bw-test-cpu_16.txt,256,1.72,0.837689
log-ib_write_bw-test-cpu_17.txt,256,1.72,0.839691
log-ib_write_bw-test-cpu_18.txt,256,1.71,0.836786
log-ib_write_bw-test-cpu_19.txt,256,1.72,0.838187
log-ib_write_bw-test-cpu_1.txt,256,1.81,0.882979
log-ib_write_bw-test-cpu_20.txt,256,1.71,0.836772
log-ib_write_bw-test-cpu_21.txt,256,1.75,0.852087
log-ib_write_bw-test-cpu_22.txt,256,1.71,0.835088
log-ib_write_bw-test-cpu_23.txt,256,1.72,0.841891
log-ib_write_bw-test-cpu_24.txt,256,1.78,0.870491
log-ib_write_bw-test-cpu_25.txt,256,1.72,0.839488
log-ib_write_bw-test-cpu_26.txt,256,1.72,0.839287
log-ib_write_bw-test-cpu_27.txt,256,1.71,0.836891
log-ib_write_bw-test-cpu_28.txt,256,1.72,0.841390
log-ib_write_bw-test-cpu_29.txt,256,1.75,0.853587
log-ib_write_bw-test-cpu_2.txt,256,1.76,0.860679
log-ib_write_bw-test-cpu_30.txt,256,1.71,0.834887
log-ib_write_bw-test-cpu_31.txt,256,1.71,0.836986
log-ib_write_bw-test-cpu_32.txt,256,1.71,0.832974
log-ib_write_bw-test-cpu_33.txt,256,1.74,0.849395
log-ib_write_bw-test-cpu_34.txt,256,1.71,0.837377
log-ib_write_bw-test-cpu_35.txt,256,1.72,0.837898
log-ib_write_bw-test-cpu_36.txt,256,1.74,0.850684
log-ib_write_bw-test-cpu_37.txt,256,1.71,0.834786
log-ib_write_bw-test-cpu_38.txt,256,1.76,0.857304
log-ib_write_bw-test-cpu_39.txt,256,1.75,0.854093
log-ib_write_bw-test-cpu_3.txt,256,1.79,0.876075
log-ib_write_bw-test-cpu_4.txt,256,1.71,0.835782
log-ib_write_bw-test-cpu_5.txt,256,1.74,0.851893
log-ib_write_bw-test-cpu_6.txt,256,1.69,0.825883
log-ib_write_bw-test-cpu_7.txt,256,1.71,0.836481
log-ib_write_bw-test-cpu_8.txt,256,1.73,0.845703
log-ib_write_bw-test-cpu_9.txt,256,1.71,0.835384
total bw: 67.59
-----------------------------
log-ib_write_bw-test-cpu_0.txt,512,2.20,0.537386
log-ib_write_bw-test-cpu_10.txt,512,2.18,0.531091
log-ib_write_bw-test-cpu_11.txt,512,0.17,0.040313
log-ib_write_bw-test-cpu_12.txt,512,2.27,0.553386
log-ib_write_bw-test-cpu_13.txt,512,2.20,0.537994
log-ib_write_bw-test-cpu_14.txt,512,2.31,0.563187
log-ib_write_bw-test-cpu_15.txt,512,2.20,0.536995
log-ib_write_bw-test-cpu_16.txt,512,2.19,0.535093
log-ib_write_bw-test-cpu_17.txt,512,2.21,0.539684
log-ib_write_bw-test-cpu_18.txt,512,2.18,0.533293
log-ib_write_bw-test-cpu_19.txt,512,2.17,0.530986
log-ib_write_bw-test-cpu_1.txt,512,2.27,0.554085
log-ib_write_bw-test-cpu_20.txt,512,2.19,0.534986
log-ib_write_bw-test-cpu_21.txt,512,2.19,0.534986
log-ib_write_bw-test-cpu_22.txt,512,2.20,0.536792
log-ib_write_bw-test-cpu_23.txt,512,2.20,0.537791
log-ib_write_bw-test-cpu_24.txt,512,2.18,0.533289
log-ib_write_bw-test-cpu_25.txt,512,2.19,0.534097
log-ib_write_bw-test-cpu_26.txt,512,1.42,0.347884
log-ib_write_bw-test-cpu_27.txt,512,2.19,0.534697
log-ib_write_bw-test-cpu_28.txt,512,2.18,0.533386
log-ib_write_bw-test-cpu_29.txt,512,2.19,0.535411
log-ib_write_bw-test-cpu_2.txt,512,2.26,0.551187
log-ib_write_bw-test-cpu_30.txt,512,2.19,0.533584
log-ib_write_bw-test-cpu_31.txt,512,2.20,0.535893
log-ib_write_bw-test-cpu_32.txt,512,2.20,0.536382
log-ib_write_bw-test-cpu_33.txt,512,2.18,0.531102
log-ib_write_bw-test-cpu_34.txt,512,2.22,0.542603
log-ib_write_bw-test-cpu_35.txt,512,2.20,0.536093
log-ib_write_bw-test-cpu_36.txt,512,2.20,0.536292
log-ib_write_bw-test-cpu_37.txt,512,2.24,0.546790
log-ib_write_bw-test-cpu_38.txt,512,2.21,0.540007
log-ib_write_bw-test-cpu_39.txt,512,2.19,0.533593
log-ib_write_bw-test-cpu_3.txt,512,2.24,0.545790
log-ib_write_bw-test-cpu_4.txt,512,2.18,0.531088
log-ib_write_bw-test-cpu_5.txt,512,2.22,0.542596
log-ib_write_bw-test-cpu_6.txt,512,2.14,0.521686
log-ib_write_bw-test-cpu_7.txt,512,2.21,0.540391
log-ib_write_bw-test-cpu_8.txt,512,2.19,0.534288
log-ib_write_bw-test-cpu_9.txt,512,2.22,0.542407
total bw: 85.37
-----------------------------
log-ib_write_bw-test-cpu_0.txt,1024,2.36,0.287899
log-ib_write_bw-test-cpu_10.txt,1024,2.41,0.293606
log-ib_write_bw-test-cpu_11.txt,1024,0.23,0.028128
log-ib_write_bw-test-cpu_12.txt,1024,2.41,0.293995
log-ib_write_bw-test-cpu_13.txt,1024,2.43,0.296894
log-ib_write_bw-test-cpu_14.txt,1024,2.37,0.289594
log-ib_write_bw-test-cpu_15.txt,1024,2.37,0.288895
log-ib_write_bw-test-cpu_16.txt,1024,2.43,0.296995
log-ib_write_bw-test-cpu_17.txt,1024,2.46,0.299899
log-ib_write_bw-test-cpu_18.txt,1024,2.38,0.291092
log-ib_write_bw-test-cpu_19.txt,1024,2.35,0.287398
log-ib_write_bw-test-cpu_1.txt,1024,2.42,0.295995
log-ib_write_bw-test-cpu_20.txt,1024,2.41,0.294196
log-ib_write_bw-test-cpu_21.txt,1024,2.39,0.292294
log-ib_write_bw-test-cpu_22.txt,1024,1.91,0.232694
log-ib_write_bw-test-cpu_23.txt,1024,2.38,0.290093
log-ib_write_bw-test-cpu_24.txt,1024,2.36,0.288090
log-ib_write_bw-test-cpu_25.txt,1024,2.37,0.289795
log-ib_write_bw-test-cpu_26.txt,1024,2.61,0.318495
log-ib_write_bw-test-cpu_27.txt,1024,2.40,0.293400
log-ib_write_bw-test-cpu_28.txt,1024,2.39,0.291391
log-ib_write_bw-test-cpu_29.txt,1024,2.39,0.291995
log-ib_write_bw-test-cpu_2.txt,1024,2.03,0.248194
log-ib_write_bw-test-cpu_30.txt,1024,2.41,0.294696
log-ib_write_bw-test-cpu_31.txt,1024,2.41,0.293594
log-ib_write_bw-test-cpu_32.txt,1024,2.35,0.286293
log-ib_write_bw-test-cpu_33.txt,1024,2.39,0.291796
log-ib_write_bw-test-cpu_34.txt,1024,2.38,0.291100
log-ib_write_bw-test-cpu_35.txt,1024,2.40,0.292897
log-ib_write_bw-test-cpu_36.txt,1024,2.38,0.289996
log-ib_write_bw-test-cpu_37.txt,1024,2.38,0.290093
log-ib_write_bw-test-cpu_38.txt,1024,2.40,0.293296
log-ib_write_bw-test-cpu_39.txt,1024,2.35,0.287099
log-ib_write_bw-test-cpu_3.txt,1024,2.43,0.297194
log-ib_write_bw-test-cpu_4.txt,1024,2.40,0.293191
log-ib_write_bw-test-cpu_5.txt,1024,2.44,0.297794
log-ib_write_bw-test-cpu_6.txt,1024,2.41,0.294795
log-ib_write_bw-test-cpu_7.txt,1024,2.43,0.296894
log-ib_write_bw-test-cpu_8.txt,1024,2.39,0.291397
log-ib_write_bw-test-cpu_9.txt,1024,2.38,0.290997
total bw: 92.99
-----------------------------
log-ib_write_bw-test-cpu_0.txt,1024,15.23,1.859185
log-ib_write_bw-test-cpu_1.txt,1024,15.22,1.857878
log-ib_write_bw-test-cpu_2.txt,1024,15.22,1.858169
log-ib_write_bw-test-cpu_3.txt,1024,15.18,1.853482
log-ib_write_bw-test-cpu_4.txt,1024,15.24,1.860463
log-ib_write_bw-test-cpu_5.txt,1024,15.17,1.851291
total bw: 91.26
comment: 
-----------------------------
log-ib_write_bw-test-cpu_0.txt,1024,15.17,1.851894
log-ib_write_bw-test-cpu_1.txt,1024,15.20,1.855248
log-ib_write_bw-test-cpu_2.txt,1024,15.23,1.859580
log-ib_write_bw-test-cpu_3.txt,1024,15.19,1.853689
log-ib_write_bw-test-cpu_4.txt,1024,15.24,1.859790
log-ib_write_bw-test-cpu_5.txt,1024,15.24,1.860490
total bw: 91.27
comment: QP_NUM: 1, SIZE: 1024
-----------------------------
log-ib_write_bw-test-cpu_0.txt,1024,15.23,1.858681
log-ib_write_bw-test-cpu_1.txt,1024,15.16,1.850370
log-ib_write_bw-test-cpu_2.txt,1024,15.26,1.862666
log-ib_write_bw-test-cpu_3.txt,1024,15.17,1.851958
log-ib_write_bw-test-cpu_4.txt,1024,15.25,1.862161
log-ib_write_bw-test-cpu_5.txt,1024,15.19,1.854258
total bw: 91.26
comment: QP_NUM: 1, SIZE: 1024
-----------------------------
log-ib_write_bw-test-cpu_0.txt,1024,2.64,0.321984
log-ib_write_bw-test-cpu_10.txt,1024,2.12,0.258696
log-ib_write_bw-test-cpu_11.txt,1024,2.17,0.264890
log-ib_write_bw-test-cpu_12.txt,1024,2.37,0.289693
log-ib_write_bw-test-cpu_13.txt,1024,1.59,0.194591
log-ib_write_bw-test-cpu_14.txt,1024,2.63,0.321390
log-ib_write_bw-test-cpu_15.txt,1024,1.83,0.223593
log-ib_write_bw-test-cpu_16.txt,1024,2.61,0.318890
log-ib_write_bw-test-cpu_17.txt,1024,1.50,0.182594
log-ib_write_bw-test-cpu_18.txt,1024,3.02,0.368876
log-ib_write_bw-test-cpu_19.txt,1024,2.86,0.348595
log-ib_write_bw-test-cpu_1.txt,1024,1.62,0.197656
log-ib_write_bw-test-cpu_20.txt,1024,1.50,0.183701
log-ib_write_bw-test-cpu_21.txt,1024,2.81,0.343090
log-ib_write_bw-test-cpu_22.txt,1024,1.31,0.159899
log-ib_write_bw-test-cpu_23.txt,1024,2.82,0.344794
log-ib_write_bw-test-cpu_24.txt,1024,1.90,0.232395
log-ib_write_bw-test-cpu_25.txt,1024,3.07,0.375285
log-ib_write_bw-test-cpu_26.txt,1024,2.89,0.353287
log-ib_write_bw-test-cpu_27.txt,1024,2.28,0.278692
log-ib_write_bw-test-cpu_28.txt,1024,1.25,0.151994
log-ib_write_bw-test-cpu_29.txt,1024,1.46,0.178094
log-ib_write_bw-test-cpu_2.txt,1024,1.58,0.193303
log-ib_write_bw-test-cpu_30.txt,1024,1.37,0.167596
log-ib_write_bw-test-cpu_31.txt,1024,3.00,0.365788
log-ib_write_bw-test-cpu_32.txt,1024,1.34,0.163992
log-ib_write_bw-test-cpu_33.txt,1024,2.89,0.352288
log-ib_write_bw-test-cpu_34.txt,1024,2.77,0.337527
log-ib_write_bw-test-cpu_35.txt,1024,2.30,0.280492
log-ib_write_bw-test-cpu_36.txt,1024,3.10,0.378893
log-ib_write_bw-test-cpu_37.txt,1024,3.18,0.388488
log-ib_write_bw-test-cpu_38.txt,1024,1.42,0.172997
log-ib_write_bw-test-cpu_39.txt,1024,2.95,0.359889
log-ib_write_bw-test-cpu_3.txt,1024,2.81,0.343401
log-ib_write_bw-test-cpu_4.txt,1024,2.16,0.263900
log-ib_write_bw-test-cpu_5.txt,1024,2.93,0.357976
log-ib_write_bw-test-cpu_6.txt,1024,2.91,0.355789
log-ib_write_bw-test-cpu_7.txt,1024,1.45,0.177094
log-ib_write_bw-test-cpu_8.txt,1024,2.83,0.344987
log-ib_write_bw-test-cpu_9.txt,1024,3.14,0.383794
total bw: 92.38
comment: QP_NUM: 1, SIZE: 1024
-----------------------------
log-ib_write_bw-test-cpu_0.txt,256,1.05,0.511487
log-ib_write_bw-test-cpu_10.txt,256,1.40,0.681580
log-ib_write_bw-test-cpu_11.txt,256,2.16,1.053198
log-ib_write_bw-test-cpu_12.txt,256,2.22,1.085232
log-ib_write_bw-test-cpu_13.txt,256,1.27,0.621577
log-ib_write_bw-test-cpu_14.txt,256,1.30,0.632582
log-ib_write_bw-test-cpu_15.txt,256,2.02,0.986094
log-ib_write_bw-test-cpu_16.txt,256,1.17,0.573005
log-ib_write_bw-test-cpu_17.txt,256,2.09,1.022572
log-ib_write_bw-test-cpu_18.txt,256,2.11,1.027879
log-ib_write_bw-test-cpu_19.txt,256,1.73,0.844105
log-ib_write_bw-test-cpu_1.txt,256,1.20,0.584984
log-ib_write_bw-test-cpu_20.txt,256,1.67,0.817175
log-ib_write_bw-test-cpu_21.txt,256,1.90,0.927964
log-ib_write_bw-test-cpu_22.txt,256,1.34,0.654652
log-ib_write_bw-test-cpu_23.txt,256,1.49,0.727196
log-ib_write_bw-test-cpu_24.txt,256,1.30,0.633889
log-ib_write_bw-test-cpu_25.txt,256,1.85,0.903675
log-ib_write_bw-test-cpu_26.txt,256,1.22,0.597084
log-ib_write_bw-test-cpu_27.txt,256,1.66,0.808488
log-ib_write_bw-test-cpu_28.txt,256,1.41,0.686878
log-ib_write_bw-test-cpu_29.txt,256,2.07,1.010266
log-ib_write_bw-test-cpu_2.txt,256,1.46,0.712778
log-ib_write_bw-test-cpu_30.txt,256,2.10,1.022966
log-ib_write_bw-test-cpu_31.txt,256,1.36,0.665580
log-ib_write_bw-test-cpu_32.txt,256,1.81,0.883552
log-ib_write_bw-test-cpu_33.txt,256,2.10,1.023779
log-ib_write_bw-test-cpu_34.txt,256,2.11,1.028776
log-ib_write_bw-test-cpu_35.txt,256,1.84,0.900770
log-ib_write_bw-test-cpu_36.txt,256,1.11,0.543090
log-ib_write_bw-test-cpu_37.txt,256,2.13,1.040590
log-ib_write_bw-test-cpu_38.txt,256,2.22,1.084883
log-ib_write_bw-test-cpu_39.txt,256,1.54,0.753776
log-ib_write_bw-test-cpu_3.txt,256,1.71,0.835589
log-ib_write_bw-test-cpu_4.txt,256,2.08,1.016371
log-ib_write_bw-test-cpu_5.txt,256,2.11,1.027975
log-ib_write_bw-test-cpu_6.txt,256,1.28,0.625093
log-ib_write_bw-test-cpu_7.txt,256,1.15,0.562987
log-ib_write_bw-test-cpu_8.txt,256,1.83,0.894886
log-ib_write_bw-test-cpu_9.txt,256,1.92,0.938586
total bw: 67.49
comment: QP_NUM: 39, SIZE: 256
-----------------------------
log-ib_write_bw-test-cpu_0.txt,256,1.23,0.601889
log-ib_write_bw-test-cpu_10.txt,256,2.05,1.002680
log-ib_write_bw-test-cpu_11.txt,256,1.35,0.658187
log-ib_write_bw-test-cpu_12.txt,256,1.62,0.790403
log-ib_write_bw-test-cpu_13.txt,256,1.06,0.516685
log-ib_write_bw-test-cpu_14.txt,256,1.89,0.924985
log-ib_write_bw-test-cpu_15.txt,256,1.25,0.608002
log-ib_write_bw-test-cpu_16.txt,256,1.22,0.597585
log-ib_write_bw-test-cpu_17.txt,256,1.37,0.667597
log-ib_write_bw-test-cpu_18.txt,256,1.86,0.908086
log-ib_write_bw-test-cpu_19.txt,256,1.67,0.817385
log-ib_write_bw-test-cpu_1.txt,256,1.79,0.872381
log-ib_write_bw-test-cpu_20.txt,256,1.42,0.691285
log-ib_write_bw-test-cpu_21.txt,256,1.96,0.954885
log-ib_write_bw-test-cpu_22.txt,256,1.82,0.890671
log-ib_write_bw-test-cpu_23.txt,256,1.16,0.568693
log-ib_write_bw-test-cpu_24.txt,256,1.93,0.940270
log-ib_write_bw-test-cpu_25.txt,256,1.95,0.950764
log-ib_write_bw-test-cpu_26.txt,256,1.98,0.967367
log-ib_write_bw-test-cpu_27.txt,256,2.06,1.003972
log-ib_write_bw-test-cpu_28.txt,256,1.91,0.933636
log-ib_write_bw-test-cpu_29.txt,256,1.15,0.560978
log-ib_write_bw-test-cpu_2.txt,256,1.45,0.709589
log-ib_write_bw-test-cpu_30.txt,256,2.04,0.994071
log-ib_write_bw-test-cpu_31.txt,256,1.17,0.569388
log-ib_write_bw-test-cpu_32.txt,256,1.92,0.939771
log-ib_write_bw-test-cpu_33.txt,256,1.65,0.805080
log-ib_write_bw-test-cpu_34.txt,256,1.91,0.934591
log-ib_write_bw-test-cpu_35.txt,256,1.91,0.934638
log-ib_write_bw-test-cpu_36.txt,256,1.90,0.929774
log-ib_write_bw-test-cpu_37.txt,256,1.30,0.632491
log-ib_write_bw-test-cpu_38.txt,256,1.55,0.758092
log-ib_write_bw-test-cpu_39.txt,256,1.90,0.930117
log-ib_write_bw-test-cpu_3.txt,256,1.17,0.568868
log-ib_write_bw-test-cpu_4.txt,256,1.45,0.708949
log-ib_write_bw-test-cpu_5.txt,256,1.49,0.726387
log-ib_write_bw-test-cpu_6.txt,256,1.64,0.801801
log-ib_write_bw-test-cpu_7.txt,256,1.50,0.730296
log-ib_write_bw-test-cpu_8.txt,256,1.29,0.627889
log-ib_write_bw-test-cpu_9.txt,256,1.02,0.497783
total bw: 63.96l
comment: QP_NUM: 390, MESSAGE_SIZE: 256
-----------------------------
log-ib_write_bw-test-cpu_0.txt,256,1.51,0.737889
log-ib_write_bw-test-cpu_10.txt,256,1.25,0.610684
log-ib_write_bw-test-cpu_11.txt,256,1.58,0.771277
log-ib_write_bw-test-cpu_12.txt,256,1.21,0.588482
log-ib_write_bw-test-cpu_13.txt,256,2.08,1.018010
log-ib_write_bw-test-cpu_14.txt,256,1.55,0.756873
log-ib_write_bw-test-cpu_15.txt,256,1.51,0.735186
log-ib_write_bw-test-cpu_16.txt,256,1.22,0.593283
log-ib_write_bw-test-cpu_17.txt,256,1.20,0.584385
log-ib_write_bw-test-cpu_18.txt,256,1.99,0.970674
log-ib_write_bw-test-cpu_19.txt,256,1.98,0.968884
log-ib_write_bw-test-cpu_1.txt,256,1.21,0.588780
log-ib_write_bw-test-cpu_20.txt,256,1.36,0.662484
log-ib_write_bw-test-cpu_21.txt,256,2.12,1.034168
log-ib_write_bw-test-cpu_22.txt,256,1.58,0.771878
log-ib_write_bw-test-cpu_23.txt,256,1.99,0.969929
log-ib_write_bw-test-cpu_24.txt,256,1.39,0.676286
log-ib_write_bw-test-cpu_25.txt,256,2.04,0.996799
log-ib_write_bw-test-cpu_26.txt,256,1.53,0.747788
log-ib_write_bw-test-cpu_27.txt,256,1.96,0.954637
log-ib_write_bw-test-cpu_28.txt,256,1.66,0.812789
log-ib_write_bw-test-cpu_29.txt,256,2.00,0.978068
log-ib_write_bw-test-cpu_2.txt,256,1.51,0.737489
log-ib_write_bw-test-cpu_30.txt,256,1.26,0.616583
log-ib_write_bw-test-cpu_31.txt,256,1.05,0.513290
log-ib_write_bw-test-cpu_32.txt,256,2.11,1.030489
log-ib_write_bw-test-cpu_33.txt,256,1.64,0.801877
log-ib_write_bw-test-cpu_34.txt,256,1.67,0.814276
log-ib_write_bw-test-cpu_35.txt,256,2.01,0.981837
log-ib_write_bw-test-cpu_36.txt,256,1.50,0.734352
log-ib_write_bw-test-cpu_37.txt,256,2.06,1.007379
log-ib_write_bw-test-cpu_38.txt,256,1.92,0.937077
log-ib_write_bw-test-cpu_39.txt,256,1.26,0.614486
log-ib_write_bw-test-cpu_3.txt,256,1.95,0.952683
log-ib_write_bw-test-cpu_4.txt,256,1.84,0.898671
log-ib_write_bw-test-cpu_5.txt,256,1.59,0.776981
log-ib_write_bw-test-cpu_6.txt,256,1.79,0.875563
log-ib_write_bw-test-cpu_7.txt,256,1.22,0.593584
log-ib_write_bw-test-cpu_8.txt,256,1.98,0.967880
log-ib_write_bw-test-cpu_9.txt,256,2.06,1.007974
total bw: 66.34
comment: QP_NUM: 80, MESSAGE_SIZE: 256
-----------------------------
log-ib_write_bw-test-cpu_0.txt,256,1.13,0.554188
log-ib_write_bw-test-cpu_10.txt,256,2.01,0.979031
log-ib_write_bw-test-cpu_11.txt,256,2.03,0.993277
log-ib_write_bw-test-cpu_12.txt,256,1.56,0.761085
log-ib_write_bw-test-cpu_13.txt,256,1.77,0.863282
log-ib_write_bw-test-cpu_14.txt,256,1.87,0.915390
log-ib_write_bw-test-cpu_15.txt,256,1.98,0.967275
log-ib_write_bw-test-cpu_16.txt,256,2.02,0.987595
log-ib_write_bw-test-cpu_17.txt,256,1.32,0.643277
log-ib_write_bw-test-cpu_18.txt,256,1.76,0.860769
log-ib_write_bw-test-cpu_19.txt,256,1.36,0.663786
log-ib_write_bw-test-cpu_1.txt,256,1.13,0.549470
log-ib_write_bw-test-cpu_20.txt,256,1.29,0.631973
log-ib_write_bw-test-cpu_21.txt,256,1.39,0.676471
log-ib_write_bw-test-cpu_22.txt,256,2.09,1.018072
log-ib_write_bw-test-cpu_23.txt,256,1.87,0.911737
log-ib_write_bw-test-cpu_24.txt,256,1.35,0.659586
log-ib_write_bw-test-cpu_25.txt,256,1.44,0.701887
log-ib_write_bw-test-cpu_26.txt,256,1.70,0.830684
log-ib_write_bw-test-cpu_27.txt,256,1.35,0.656898
log-ib_write_bw-test-cpu_28.txt,256,1.61,0.786099
log-ib_write_bw-test-cpu_29.txt,256,1.47,0.718202
log-ib_write_bw-test-cpu_2.txt,256,1.68,0.818379
log-ib_write_bw-test-cpu_30.txt,256,1.46,0.713586
log-ib_write_bw-test-cpu_31.txt,256,2.02,0.987889
log-ib_write_bw-test-cpu_32.txt,256,2.05,1.002598
log-ib_write_bw-test-cpu_33.txt,256,1.05,0.512087
log-ib_write_bw-test-cpu_34.txt,256,2.06,1.004991
log-ib_write_bw-test-cpu_35.txt,256,1.18,0.577287
log-ib_write_bw-test-cpu_36.txt,256,2.01,0.983363
log-ib_write_bw-test-cpu_37.txt,256,1.76,0.861191
log-ib_write_bw-test-cpu_38.txt,256,1.91,0.931608
log-ib_write_bw-test-cpu_39.txt,256,1.19,0.579003
log-ib_write_bw-test-cpu_3.txt,256,2.14,1.043879
log-ib_write_bw-test-cpu_4.txt,256,2.10,1.023873
log-ib_write_bw-test-cpu_5.txt,256,1.68,0.821383
log-ib_write_bw-test-cpu_6.txt,256,2.13,1.040562
log-ib_write_bw-test-cpu_7.txt,256,2.09,1.021870
log-ib_write_bw-test-cpu_8.txt,256,1.01,0.493787
log-ib_write_bw-test-cpu_9.txt,256,2.14,1.043974
total bw: 67.16
comment: QP_NUM: 120, MESSAGE_SIZE: 256
-----------------------------
log-ib_write_bw-test-cpu_0.txt,256,1.27,0.618984
log-ib_write_bw-test-cpu_10.txt,256,1.91,0.933168
log-ib_write_bw-test-cpu_11.txt,256,2.01,0.980375
log-ib_write_bw-test-cpu_12.txt,256,1.78,0.867244
log-ib_write_bw-test-cpu_13.txt,256,2.09,1.019385
log-ib_write_bw-test-cpu_14.txt,256,1.42,0.695689
log-ib_write_bw-test-cpu_15.txt,256,1.97,0.961577
log-ib_write_bw-test-cpu_16.txt,256,1.60,0.782972
log-ib_write_bw-test-cpu_17.txt,256,1.19,0.581468
log-ib_write_bw-test-cpu_18.txt,256,2.02,0.984068
log-ib_write_bw-test-cpu_19.txt,256,1.41,0.686783
log-ib_write_bw-test-cpu_1.txt,256,1.22,0.594387
log-ib_write_bw-test-cpu_20.txt,256,1.35,0.660888
log-ib_write_bw-test-cpu_21.txt,256,2.05,1.000881
log-ib_write_bw-test-cpu_22.txt,256,1.30,0.635690
log-ib_write_bw-test-cpu_23.txt,256,1.41,0.687688
log-ib_write_bw-test-cpu_24.txt,256,2.10,1.023796
log-ib_write_bw-test-cpu_25.txt,256,0.99,0.482088
log-ib_write_bw-test-cpu_26.txt,256,1.32,0.644492
log-ib_write_bw-test-cpu_27.txt,256,1.28,0.624778
log-ib_write_bw-test-cpu_28.txt,256,2.07,1.011077
log-ib_write_bw-test-cpu_29.txt,256,1.38,0.672192
log-ib_write_bw-test-cpu_2.txt,256,2.05,1.002574
log-ib_write_bw-test-cpu_30.txt,256,1.02,0.497584
log-ib_write_bw-test-cpu_31.txt,256,2.07,1.010172
log-ib_write_bw-test-cpu_32.txt,256,1.72,0.842204
log-ib_write_bw-test-cpu_33.txt,256,1.51,0.738380
log-ib_write_bw-test-cpu_34.txt,256,2.02,0.988466
log-ib_write_bw-test-cpu_35.txt,256,2.02,0.985681
log-ib_write_bw-test-cpu_36.txt,256,1.59,0.776058
log-ib_write_bw-test-cpu_37.txt,256,2.01,0.981149
log-ib_write_bw-test-cpu_38.txt,256,1.17,0.571186
log-ib_write_bw-test-cpu_39.txt,256,1.49,0.726585
log-ib_write_bw-test-cpu_3.txt,256,1.43,0.700586
log-ib_write_bw-test-cpu_4.txt,256,1.33,0.649584
log-ib_write_bw-test-cpu_5.txt,256,1.32,0.645088
log-ib_write_bw-test-cpu_6.txt,256,2.09,1.022577
log-ib_write_bw-test-cpu_7.txt,256,2.05,0.998973
log-ib_write_bw-test-cpu_8.txt,256,2.02,0.986465
log-ib_write_bw-test-cpu_9.txt,256,1.58,0.772199
total bw: 65.63
comment: QP_NUM: 160, MESSAGE_SIZE: 256
-----------------------------
log-ib_write_bw-test-cpu_0.txt,256,2.01,0.983177
log-ib_write_bw-test-cpu_10.txt,256,1.96,0.958888
log-ib_write_bw-test-cpu_11.txt,256,1.88,0.919472
log-ib_write_bw-test-cpu_12.txt,256,1.44,0.701602
log-ib_write_bw-test-cpu_13.txt,256,1.68,0.818581
log-ib_write_bw-test-cpu_14.txt,256,1.74,0.850497
log-ib_write_bw-test-cpu_15.txt,256,1.06,0.516384
log-ib_write_bw-test-cpu_16.txt,256,1.04,0.506184
log-ib_write_bw-test-cpu_17.txt,256,1.30,0.633997
log-ib_write_bw-test-cpu_18.txt,256,1.85,0.903965
log-ib_write_bw-test-cpu_19.txt,256,1.30,0.636478
log-ib_write_bw-test-cpu_1.txt,256,1.84,0.896395
log-ib_write_bw-test-cpu_20.txt,256,2.03,0.989198
log-ib_write_bw-test-cpu_21.txt,256,1.32,0.643281
log-ib_write_bw-test-cpu_22.txt,256,1.34,0.654286
log-ib_write_bw-test-cpu_23.txt,256,1.34,0.655394
log-ib_write_bw-test-cpu_24.txt,256,2.10,1.026240
log-ib_write_bw-test-cpu_25.txt,256,1.94,0.947479
log-ib_write_bw-test-cpu_26.txt,256,1.28,0.625087
log-ib_write_bw-test-cpu_27.txt,256,2.05,1.001591
log-ib_write_bw-test-cpu_28.txt,256,2.02,0.984388
log-ib_write_bw-test-cpu_29.txt,256,1.58,0.769676
log-ib_write_bw-test-cpu_2.txt,256,1.04,0.508485
log-ib_write_bw-test-cpu_30.txt,256,1.24,0.605090
log-ib_write_bw-test-cpu_31.txt,256,1.92,0.937043
log-ib_write_bw-test-cpu_32.txt,256,1.25,0.609580
log-ib_write_bw-test-cpu_33.txt,256,1.46,0.711881
log-ib_write_bw-test-cpu_34.txt,256,1.84,0.897183
log-ib_write_bw-test-cpu_35.txt,256,1.32,0.643295
log-ib_write_bw-test-cpu_36.txt,256,1.99,0.974088
log-ib_write_bw-test-cpu_37.txt,256,2.12,1.036289
log-ib_write_bw-test-cpu_38.txt,256,1.19,0.579083
log-ib_write_bw-test-cpu_39.txt,256,2.04,0.997462
log-ib_write_bw-test-cpu_3.txt,256,1.64,0.801395
log-ib_write_bw-test-cpu_4.txt,256,1.80,0.876497
log-ib_write_bw-test-cpu_5.txt,256,1.63,0.795935
log-ib_write_bw-test-cpu_6.txt,256,1.20,0.584693
log-ib_write_bw-test-cpu_7.txt,256,1.96,0.957185
log-ib_write_bw-test-cpu_8.txt,256,1.36,0.665601
log-ib_write_bw-test-cpu_9.txt,256,1.49,0.727861
total bw: 64.59
comment: QP_NUM: 200, MESSAGE_SIZE: 256
-----------------------------
log-ib_write_bw-test-cpu_0.txt,256,3.26,1.589810
log-ib_write_bw-test-cpu_10.txt,256,3.26,1.592310
log-ib_write_bw-test-cpu_11.txt,256,3.26,1.590107
log-ib_write_bw-test-cpu_12.txt,256,3.21,1.568800
log-ib_write_bw-test-cpu_13.txt,256,3.20,1.564729
log-ib_write_bw-test-cpu_14.txt,256,3.21,1.566797
log-ib_write_bw-test-cpu_15.txt,256,3.25,1.585902
log-ib_write_bw-test-cpu_16.txt,256,3.25,1.586803
log-ib_write_bw-test-cpu_17.txt,256,3.20,1.563956
log-ib_write_bw-test-cpu_18.txt,256,3.25,1.586094
log-ib_write_bw-test-cpu_19.txt,256,3.26,1.589813
log-ib_write_bw-test-cpu_1.txt,256,3.20,1.562630
log-ib_write_bw-test-cpu_20.txt,256,3.26,1.593261
log-ib_write_bw-test-cpu_2.txt,256,3.23,1.578780
log-ib_write_bw-test-cpu_3.txt,256,3.26,1.590438
log-ib_write_bw-test-cpu_4.txt,256,3.20,1.561599
log-ib_write_bw-test-cpu_5.txt,256,3.20,1.561395
log-ib_write_bw-test-cpu_6.txt,256,3.25,1.587716
log-ib_write_bw-test-cpu_7.txt,256,3.21,1.567334
log-ib_write_bw-test-cpu_8.txt,256,3.20,1.561296
log-ib_write_bw-test-cpu_9.txt,256,3.25,1.587617
total bw: 67.87
comment: QP_NUM: 21, MESSAGE_SIZE: 256
-----------------------------
log-ib_write_bw-test-cpu_0.txt,256,6.43,3.138054
log-ib_write_bw-test-cpu_10.txt,256,6.51,3.178595
log-ib_write_bw-test-cpu_1.txt,256,6.59,3.220021
log-ib_write_bw-test-cpu_2.txt,256,6.58,3.212119
log-ib_write_bw-test-cpu_3.txt,256,6.60,3.220625
log-ib_write_bw-test-cpu_4.txt,256,6.59,3.219799
log-ib_write_bw-test-cpu_5.txt,256,6.51,3.178135
log-ib_write_bw-test-cpu_6.txt,256,6.60,3.220315
log-ib_write_bw-test-cpu_7.txt,256,6.59,3.219878
log-ib_write_bw-test-cpu_8.txt,256,6.57,3.208507
log-ib_write_bw-test-cpu_9.txt,256,6.49,3.167004
total bw: 72.06
comment: QP_NUM: 11, MESSAGE_SIZE: 256
-----------------------------
log-ib_write_bw-test-cpu_0.txt,256,7.78,3.797267
log-ib_write_bw-test-cpu_1.txt,256,8.55,4.176423
log-ib_write_bw-test-cpu_2.txt,256,8.53,4.164349
log-ib_write_bw-test-cpu_3.txt,256,8.53,4.166900
log-ib_write_bw-test-cpu_4.txt,256,8.52,4.158149
log-ib_write_bw-test-cpu_5.txt,256,8.43,4.117833
total bw: 50.34
comment: QP_NUM: 6, MESSAGE_SIZE: 256
-----------------------------
log-ib_write_bw-test-cpu_0.txt,256,7.30,3.563366
log-ib_write_bw-test-cpu_1.txt,256,7.31,3.570859
log-ib_write_bw-test-cpu_2.txt,256,7.16,3.495910
log-ib_write_bw-test-cpu_3.txt,256,7.16,3.495516
log-ib_write_bw-test-cpu_4.txt,256,7.11,3.474087
log-ib_write_bw-test-cpu_5.txt,256,7.32,3.573836
log-ib_write_bw-test-cpu_6.txt,256,7.30,3.566063
log-ib_write_bw-test-cpu_7.txt,256,7.32,3.572128
log-ib_write_bw-test-cpu_8.txt,256,7.10,3.469223
log-ib_write_bw-test-cpu_9.txt,256,7.06,3.445451
total bw: 72.14
comment: QP_NUM: 10, MESSAGE_SIZE: 256
-----------------------------
log-ib_write_bw-test-cpu_0.txt,256,6.78,3.309887
log-ib_write_bw-test-cpu_1.txt,256,6.88,3.359050
log-ib_write_bw-test-cpu_2.txt,256,6.75,3.297105
log-ib_write_bw-test-cpu_3.txt,256,6.87,3.356326
log-ib_write_bw-test-cpu_4.txt,256,6.75,3.296880
log-ib_write_bw-test-cpu_5.txt,256,6.75,3.296784
log-ib_write_bw-test-cpu_6.txt,256,6.88,3.361404
log-ib_write_bw-test-cpu_7.txt,256,6.88,3.359161
log-ib_write_bw-test-cpu_8.txt,256,6.88,3.359564
log-ib_write_bw-test-cpu_9.txt,256,6.88,3.358137
total bw: 68.30
comment: QP_NUM: 20, MESSAGE_SIZE: 256
-----------------------------
log-ib_write_bw-test-cpu_0.txt,1024,0.000000,0.000000
log-ib_write_bw-test-cpu_1.txt,1024,0.000000,0.000000
log-ib_write_bw-test-cpu_2.txt,1024,0.000000,0.000000
log-ib_write_bw-test-cpu_3.txt,1024,0.000000,0.000000
log-ib_write_bw-test-cpu_4.txt,1024,0.000000,0.000000
log-ib_write_bw-test-cpu_5.txt,1024,0.000000,0.000000
log-ib_write_bw-test-cpu_6.txt,1024,0.000000,0.000000
total bw: 0
comment: QP_NUM: 1792, MESSAGE_SIZE: 1024
-----------------------------
